threads,avg_real_sec,std_real_sec,avg_cpu_pct,avg_mem_kb
1,15.74500,1.45498,99.0,54218
2,9.09000,0.58000,185.0,54222
3,12.40000,0.38987,285.5,54142
