threads,avg_real_sec,std_real_sec,avg_cpu_pct,avg_mem_kb
1,0.65350,0.08300,108.1,53935
2,0.66000,0.04572,102.1,53880
3,0.66740,0.07944,111.4,53877
4,0.67840,0.06594,111.2,53879
6,0.67430,0.10943,128.9,53891
