threads,avg_real_sec,std_real_sec,avg_cpu_pct,avg_mem_kb
1,7.35000,0.00000,97.0,54092
2,6.83000,0.00000,188.0,54216
3,7.76000,0.00000,304.0,53960
4,7.16000,0.00000,369.0,54096
5,6.17000,0.00000,454.0,54092
6,5.10000,0.00000,534.0,54092
